Image File Path,Name
downloaded_images/kenzie-anne.jpg,Kenzie Anne
downloaded_images/alyx-star.jpg,Alyx Star
downloaded_images/mina-von-d.jpg,Mina Von D
downloaded_images/rae-lil-black.jpg,Rae Lil Black
downloaded_images/emily-willis.jpg,Emily Willis
downloaded_images/lisa-ann.jpg,Lisa Ann
downloaded_images/sunny-leone.jpg,Sunny Leone
downloaded_images/mia-melano.jpg,Mia Melano
downloaded_images/jenna-jameson.jpg,Jenna Jameson
downloaded_images/gianna-dior.jpg,Gianna Dior
downloaded_images/blake-blossom.jpg,Blake Blossom
downloaded_images/chantal-danielle.jpg,Chantal Danielle
downloaded_images/scarlett-jones.jpg,Scarlett Jones
downloaded_images/briana-banks.jpg,Briana Banks
downloaded_images/maitland-ward.jpg,Maitland Ward
downloaded_images/sybil-a.jpg,Sybil A
downloaded_images/lana-rhoades.jpg,Lana Rhoades
downloaded_images/amber-moore.jpg,Amber Moore
downloaded_images/devon.jpg,Devon
downloaded_images/natasha-nice.jpg,Natasha Nice
downloaded_images/jia-lissa.jpg,Jia Lissa
downloaded_images/avery-cristy.jpg,Avery Cristy
downloaded_images/kenna-james.jpg,Kenna James
downloaded_images/sonya-blaze.jpg,Sonya Blaze
downloaded_images/vic-marie.jpg,Vic Marie
downloaded_images/liya-silver.jpg,Liya Silver
downloaded_images/lika-star.jpg,Lika Star
downloaded_images/tori-black.jpg,Tori Black
downloaded_images/tera-patrick.jpg,Tera Patrick
downloaded_images/kelly-collins.jpg,Kelly Collins
downloaded_images/azul-hermosa.jpg,Azul Hermosa
downloaded_images/little-dragon.jpg,Little Dragon
downloaded_images/gabbie-carter.jpg,Gabbie Carter
downloaded_images/lena-paul.jpg,Lena Paul
downloaded_images/sia-siberia.jpg,Sia Siberia
downloaded_images/kagney-linn-karter.jpg,Kagney Linn Karter
downloaded_images/shyla-stylez.jpg,Shyla Stylez
downloaded_images/savannah-bond.jpg,Savannah Bond
downloaded_images/eve-sweet.jpg,Eve Sweet
downloaded_images/jesse-jane.jpg,Jesse Jane
downloaded_images/elsa-jean.jpg,Elsa Jean
downloaded_images/jazlyn-ray.jpg,Jazlyn Ray
downloaded_images/violet-myers.jpg,Violet Myers
downloaded_images/nicole-aniston.jpg,Nicole Aniston
downloaded_images/kylie-rocket.jpg,Kylie Rocket
downloaded_images/nicole-doshi.jpg,Nicole Doshi
downloaded_images/mia-malkova.jpg,Mia Malkova
downloaded_images/allie-nicole.jpg,Allie Nicole
downloaded_images/stacy-cruz.jpg,Stacy Cruz
downloaded_images/eliza-ibarra.jpg,Eliza Ibarra
downloaded_images/freya-parker.jpg,Freya Parker
downloaded_images/stefany-kyler.jpg,Stefany Kyler
downloaded_images/simon-kay.jpg,Simon Kay
downloaded_images/vanna-bardot.jpg,Vanna Bardot
downloaded_images/freya-mayer.jpg,Freya Mayer
downloaded_images/molly-little.jpg,Molly Little
downloaded_images/mary-rock.jpg,Mary Rock
downloaded_images/aletta-ocean.jpg,Aletta Ocean
downloaded_images/lela-star.jpg,Lela Star
downloaded_images/moriah-mills.jpg,Moriah Mills
downloaded_images/kayden-kross.jpg,Kayden Kross
downloaded_images/nikki-benz.jpg,Nikki Benz
downloaded_images/haley-reed.jpg,Haley Reed
downloaded_images/ariana-marie.jpg,Ariana Marie
downloaded_images/dani-daniels.jpg,Dani Daniels
downloaded_images/audrey-bitoni.jpg,Audrey Bitoni
downloaded_images/leana-lovings.jpg,Leana Lovings
downloaded_images/brandi-love.jpg,Brandi Love
downloaded_images/hazel-moore.jpg,Hazel Moore
downloaded_images/emanuelly-raquel.jpg,Emanuelly Raquel
downloaded_images/phoenix-marie.jpg,Phoenix Marie
downloaded_images/agatha-vega.jpg,Agatha Vega
downloaded_images/peta-jensen.jpg,Peta Jensen
downloaded_images/riley-steele.jpg,Riley Steele
downloaded_images/maddy-may.jpg,Maddy May
downloaded_images/sylvia-buntarka.jpg,Sylvia Buntarka
downloaded_images/madison-summers.jpg,Madison Summers
downloaded_images/angela-white.jpg,Angela White
downloaded_images/ava-addams.jpg,Ava Addams
downloaded_images/riley-reid.jpg,Riley Reid
downloaded_images/alina-lopez.jpg,Alina Lopez
downloaded_images/nancy-a.jpg,Nancy A
downloaded_images/abella-danger.jpg,Abella Danger
downloaded_images/spencer-bradley.jpg,Spencer Bradley
downloaded_images/madison-ivy.jpg,Madison Ivy
downloaded_images/melody-marks.jpg,Melody Marks
downloaded_images/skye-blue.jpg,Skye Blue
downloaded_images/lilly-bell.jpg,Lilly Bell
downloaded_images/jolee-love.jpg,Jolee Love
downloaded_images/julia-ann.jpg,Julia Ann
downloaded_images/jazmin-luv.jpg,Jazmin Luv
downloaded_images/tru-kait.jpg,Tru Kait
downloaded_images/scarlett-alexis.jpg,Scarlett Alexis
downloaded_images/valentina-nappi.jpg,Valentina Nappi
downloaded_images/haley-spades.jpg,Haley Spades
downloaded_images/elena-koshka.jpg,Elena Koshka
downloaded_images/crystal-chase.jpg,Crystal Chase
downloaded_images/ariana-van-x.jpg,Ariana Van X
downloaded_images/veronica-zemanova.jpg,Veronica Zemanova
downloaded_images/kayley-gunner.jpg,Kayley Gunner
